{
  "train_losses": [
    0.0,
    0.0,
    0.0,
    0.0,
    0.0,
    0.0,
    0.0,
    0.0,
    0.0,
    0.0,
    0.0,
    0.0,
    0.0,
    0.0,
    0.0,
    0.0,
    0.0,
    0.0,
    0.0,
    0.0,
    0.0,
    0.0,
    0.0,
    0.0,
    0.0,
    0.0,
    0.0,
    0.0,
    0.0,
    0.0,
    0.0,
    0.0,
    0.0,
    0.0,
    0.0,
    0.0
  ],
  "val_losses": [],
  "learning_rates": [
    1.8e-05,
    3.8e-05,
    5.8e-05,
    7.800000000000001e-05,
    9.8e-05,
    0.000118,
    0.000138,
    0.00015800000000000002,
    0.00017800000000000002,
    0.00019800000000000002,
    0.00019995913677815704,
    0.0001998179240714399,
    0.00019957599983857889,
    0.00019923360816959015,
    0.00019879109452134282,
    0.00019824890536900916,
    0.00019760758775559274,
    0.0001968677887399879,
    0.00019603025474412844,
    0.00019509583079988305,
    0.00019406545969645892,
    0.00019294018102917207,
    0.00019172113015054532,
    0.00019040953702479177,
    0.00018900672498683952,
    0.00018751410940714985,
    0.00018593319626367588,
    0.00018426558062240259,
    0.00018251294502800135,
    0.00018067705780622256,
    0.00017875977127973925,
    0.00017676301989924187,
    0.0001746888182916697,
    0.00017253925922754845,
    0.00017031651150948443,
    0.0001680228177839461
  ],
  "total_steps": 360,
  "total_epochs": 1,
  "timestamp": "2025-12-26T02:10:37.628330"
}