{
  "train_losses": [
    3.3236,
    2.6758,
    1.9503,
    1.2656,
    1.1503,
    0.954,
    0.7995,
    0.932
  ],
  "val_losses": [],
  "learning_rates": [
    1.6000000000000003e-05,
    3.6e-05,
    5.6000000000000006e-05,
    7.6e-05,
    9.6e-05,
    0.000116,
    0.00013600000000000003,
    0.00015600000000000002
  ],
  "total_steps": 80,
  "total_epochs": 0,
  "timestamp": "2025-12-26T02:44:13.609540"
}