{
  "train_losses": [
    3.0566,
    2.6379,
    2.0729,
    1.4552,
    1.3719,
    1.161,
    1.0009,
    0.9285,
    0.9958
  ],
  "val_losses": [],
  "learning_rates": [
    1.8e-05,
    3.4000000000000007e-05,
    5.4000000000000005e-05,
    7.4e-05,
    9.4e-05,
    0.00011399999999999999,
    0.000134,
    0.000154,
    0.000174
  ],
  "total_steps": 90,
  "total_epochs": 0,
  "timestamp": "2025-12-26T02:43:00.673501"
}