{
  "train_losses": [
    3.281,
    2.866,
    1.9589,
    1.4048,
    1.4545,
    1.1574,
    1.1842,
    1.0099,
    1.0051,
    0.9579,
    0.9405,
    0.9167,
    0.588,
    0.9244,
    0.7539,
    0.6134,
    0.619,
    0.9635,
    0.7711
  ],
  "val_losses": [],
  "learning_rates": [
    1.6000000000000003e-05,
    3.6e-05,
    5.6000000000000006e-05,
    7.6e-05,
    9.6e-05,
    0.000116,
    0.00013600000000000003,
    0.00015600000000000002,
    0.00017600000000000002,
    0.000196,
    0.0001999677125483603,
    0.00019983658050868607,
    0.0001996047181194123,
    0.00019927235931863475,
    0.00019883983944053677,
    0.00019830759487705316,
    0.00019767616263757144,
    0.00019694617980711503,
    0.00019611838290355482
  ],
  "total_steps": 190,
  "total_epochs": 0,
  "timestamp": "2025-12-26T02:41:36.737687"
}