{
  "train_losses": [
    0.0,
    0.0,
    0.0,
    0.0
  ],
  "val_losses": [],
  "learning_rates": [
    4.000000000000001e-06,
    9e-06,
    1.4000000000000001e-05,
    1.9e-05
  ],
  "total_steps": 20,
  "total_epochs": 0,
  "timestamp": "2025-12-26T02:06:57.827754"
}