step,train_loss,learning_rate
0,0.0,4.000000000000001e-06
1,0.0,9e-06
2,0.0,1.4000000000000001e-05
3,0.0,1.9e-05
