{
  "train_losses": [
    3.281,
    2.866,
    1.9587,
    1.4048,
    1.4549,
    1.157,
    1.1844,
    1.0097,
    1.007,
    0.9638,
    0.9413,
    0.9257,
    0.5952,
    0.9104,
    0.7554,
    0.6199,
    0.6253,
    0.9486,
    0.7811,
    0.7751,
    0.8956,
    0.6137,
    0.9528,
    0.7968,
    0.5291,
    0.7134,
    0.561,
    0.776,
    0.4298,
    0.6093,
    0.4671,
    0.6329,
    0.6389,
    0.6059,
    0.6602,
    0.5621
  ],
  "val_losses": [],
  "learning_rates": [
    1.6000000000000003e-05,
    3.6e-05,
    5.6000000000000006e-05,
    7.6e-05,
    9.6e-05,
    0.000116,
    0.00013600000000000003,
    0.00015600000000000002,
    0.00017600000000000002,
    0.000196,
    0.0001999677125483603,
    0.00019983658050868607,
    0.0001996047181194123,
    0.00019927235931863475,
    0.00019883983944053677,
    0.00019830759487705316,
    0.00019767616263757144,
    0.00019694617980711503,
    0.00019611838290355482,
    0.00019519360713449776,
    0.0001941727855546022,
    0.00019305694812417028,
    0.00019184722066996695,
    0.00019054482374931467,
    0.00018915107141860902,
    0.0001876673699074986,
    0.00018609521620006637,
    0.00018443619652444397,
    0.00018269198475238333,
    0.00018086434071039973,
    0.0001789551084041908,
    0.00017696621415812277,
    0.00017489966467166087,
    0.00017275754499470548,
    0.00017054201642387594,
    0.00016825531432186543
  ],
  "total_steps": 360,
  "total_epochs": 1,
  "timestamp": "2025-12-26T02:23:43.017587"
}